{"cameraMode":{"drawMode":0,"name":"Shaded","section":"Shading Mode"},"sceneLighting":false,"audioPlay":false,"sceneViewState":{"m_AlwaysRefresh":false,"showFog":true,"showSkybox":false,"showFlares":true,"showImageEffects":true,"showParticleSystems":true,"showVisualEffectGraphs":true,"m_FxEnabled":true},"in2DMode":false,"pivot":{"x":0.004367023706436157,"y":1.3407093286514283,"z":0.0013608932495117188},"rotation":{"x":0.002569622593000531,"y":0.29609009623527529,"z":0.0007970709120854735,"w":-0.9551607966423035},"size":1.8211684226989747,"orthographic":false}