{"cameraMode":{"drawMode":0,"name":"Shaded","section":"Shading Mode"},"sceneLighting":false,"audioPlay":false,"sceneViewState":{"m_AlwaysRefresh":false,"showFog":true,"showSkybox":false,"showFlares":true,"showImageEffects":true,"showParticleSystems":true,"showVisualEffectGraphs":true,"m_FxEnabled":true},"in2DMode":false,"pivot":{"x":0.029086589813232423,"y":2.1678109169006349,"z":0.027860820293426515},"rotation":{"x":0.6931126713752747,"y":0.028935804963111879,"z":-0.027516474947333337,"w":0.7198026776313782},"size":4.314825534820557,"orthographic":false}