{"cameraMode":{"drawMode":0,"name":"Shaded","section":"Shading Mode"},"sceneLighting":false,"audioPlay":false,"sceneViewState":{"m_AlwaysRefresh":false,"showFog":true,"showSkybox":false,"showFlares":true,"showImageEffects":true,"showParticleSystems":true,"showVisualEffectGraphs":true,"m_FxEnabled":true},"in2DMode":false,"pivot":{"x":6.673407077789307,"y":2.1409406661987306,"z":6.946501731872559},"rotation":{"x":0.6931126713752747,"y":0.028935804963111879,"z":-0.027516474947333337,"w":0.7198026776313782},"size":5.537252902984619,"orthographic":false}