{"cameraMode":{"drawMode":0,"name":"Shaded","section":"Shading Mode"},"sceneLighting":false,"audioPlay":false,"sceneViewState":{"m_AlwaysRefresh":false,"showFog":true,"showSkybox":false,"showFlares":true,"showImageEffects":true,"showParticleSystems":true,"showVisualEffectGraphs":true,"m_FxEnabled":true},"in2DMode":false,"pivot":{"x":-0.7910453081130981,"y":2.097487211227417,"z":-0.21874624490737916},"rotation":{"x":0.22285878658294679,"y":0.3081272840499878,"z":-0.07512354105710983,"w":0.9222447872161865},"size":1.741031527519226,"orthographic":true}