{"cameraMode":{"drawMode":0,"name":"Shaded","section":"Shading Mode"},"sceneLighting":true,"audioPlay":false,"sceneViewState":{"m_AlwaysRefresh":false,"showFog":true,"showSkybox":true,"showFlares":true,"showImageEffects":true,"showParticleSystems":true,"showVisualEffectGraphs":true,"m_FxEnabled":true},"in2DMode":false,"pivot":{"x":7.668209075927734,"y":15.48267936706543,"z":-1.2580204010009766},"rotation":{"x":-0.024281026795506479,"y":0.33864641189575198,"z":-0.008742141537368298,"w":-0.9405632615089417},"size":20.34119987487793,"orthographic":false}