{"cameraMode":{"drawMode":0,"name":"Shaded","section":"Shading Mode"},"sceneLighting":true,"audioPlay":false,"sceneViewState":{"m_AlwaysRefresh":false,"showFog":true,"showSkybox":true,"showFlares":true,"showImageEffects":true,"showParticleSystems":true,"showVisualEffectGraphs":true,"m_FxEnabled":true},"in2DMode":false,"pivot":{"x":0.16415190696716309,"y":2.7102420330047609,"z":0.34485137462615969},"rotation":{"x":-0.09312078356742859,"y":-0.3702860474586487,"z":0.03735345974564552,"w":-0.923500120639801},"size":1.039230465888977,"orthographic":false}