{"cameraMode":{"drawMode":0,"name":"Shaded","section":"Shading Mode"},"sceneLighting":true,"audioPlay":false,"sceneViewState":{"m_AlwaysRefresh":false,"showFog":true,"showSkybox":true,"showFlares":true,"showImageEffects":true,"showParticleSystems":true,"showVisualEffectGraphs":true,"m_FxEnabled":true},"in2DMode":false,"pivot":{"x":-6.2544450759887699,"y":1.0199999809265137,"z":6.357109069824219},"rotation":{"x":0.23636950552463532,"y":-0.6634431481361389,"z":0.23392154276371003,"w":0.6702889204025269},"size":89.34172821044922,"orthographic":false}