{"cameraMode":{"drawMode":0,"name":"Shaded","section":"Shading Mode"},"sceneLighting":true,"audioPlay":false,"sceneViewState":{"m_AlwaysRefresh":false,"showFog":true,"showSkybox":true,"showFlares":true,"showImageEffects":true,"showParticleSystems":true,"showVisualEffectGraphs":true,"m_FxEnabled":true},"in2DMode":false,"pivot":{"x":0.09102237224578858,"y":1.4406421184539796,"z":-2.6382346153259279},"rotation":{"x":0.22937412559986115,"y":-0.2548711597919464,"z":0.062371592968702319,"w":0.9373047947883606},"size":1.039230465888977,"orthographic":false}