{"cameraMode":{"drawMode":0,"name":"Shaded","section":"Shading Mode"},"sceneLighting":true,"audioPlay":false,"sceneViewState":{"m_AlwaysRefresh":false,"showFog":true,"showSkybox":true,"showFlares":true,"showImageEffects":true,"showParticleSystems":true,"showVisualEffectGraphs":true,"m_FxEnabled":true},"in2DMode":false,"pivot":{"x":3.5571632385253908,"y":9.539560317993164,"z":-2.0497474670410158},"rotation":{"x":0.052554450929164889,"y":0.8582801222801209,"z":-0.5026816725730896,"w":0.09003321826457977},"size":27.91657829284668,"orthographic":true}