{"cameraMode":{"drawMode":0,"name":"Shaded","section":"Shading Mode"},"sceneLighting":true,"audioPlay":false,"sceneViewState":{"m_AlwaysRefresh":false,"showFog":true,"showSkybox":true,"showFlares":true,"showImageEffects":true,"showParticleSystems":true,"showVisualEffectGraphs":true,"m_FxEnabled":true},"in2DMode":false,"pivot":{"x":5.9960103034973148,"y":0.49159157276153567,"z":-1.9940147399902344},"rotation":{"x":-0.21787063777446748,"y":-0.7139397859573364,"z":0.2524145245552063,"w":-0.6159493327140808},"size":0.8977490067481995,"orthographic":false}