{"cameraMode":{"drawMode":0,"name":"Shaded","section":"Shading Mode"},"sceneLighting":true,"audioPlay":false,"sceneViewState":{"m_AlwaysRefresh":false,"showFog":true,"showSkybox":true,"showFlares":true,"showImageEffects":true,"showParticleSystems":true,"showVisualEffectGraphs":true,"m_FxEnabled":true},"in2DMode":false,"pivot":{"x":-2.0926084518432619,"y":2.1631112098693849,"z":2.0260469913482668},"rotation":{"x":-0.21787063777446748,"y":-0.7139397859573364,"z":0.2524145245552063,"w":-0.6159493327140808},"size":0.8660253882408142,"orthographic":false}