{"cameraMode":{"drawMode":0,"name":"Shaded","section":"Shading Mode"},"sceneLighting":false,"audioPlay":false,"sceneViewState":{"m_AlwaysRefresh":false,"showFog":true,"showSkybox":false,"showFlares":true,"showImageEffects":true,"showParticleSystems":true,"showVisualEffectGraphs":true,"m_FxEnabled":true},"in2DMode":false,"pivot":{"x":-0.00009590387344360352,"y":0.8076953887939453,"z":0.07486765086650849},"rotation":{"x":-0.03559386730194092,"y":-0.148191437125206,"z":0.0053493427112698559,"w":-0.9883193373680115},"size":1.288872480392456,"orthographic":false}