{"cameraMode":{"drawMode":0,"name":"Shaded","section":"Shading Mode"},"sceneLighting":false,"audioPlay":false,"sceneViewState":{"m_AlwaysRefresh":false,"showFog":true,"showSkybox":false,"showFlares":true,"showImageEffects":true,"showParticleSystems":true,"showVisualEffectGraphs":true,"m_FxEnabled":true},"in2DMode":false,"pivot":{"x":-1.0933871269226075,"y":1.9716284275054932,"z":-7.7671895027160648},"rotation":{"x":0.023185022175312043,"y":0.9639644622802734,"z":0.08960726112127304,"w":-0.24942921102046967},"size":2.042503595352173,"orthographic":false}