{"cameraMode":{"drawMode":0,"name":"Shaded","section":"Shading Mode"},"sceneLighting":false,"audioPlay":false,"sceneViewState":{"m_AlwaysRefresh":false,"showFog":true,"showSkybox":false,"showFlares":true,"showImageEffects":true,"showParticleSystems":true,"showVisualEffectGraphs":true,"m_FxEnabled":true},"in2DMode":false,"pivot":{"x":9.5367431640625e-7,"y":2.1532340049743654,"z":0.0000057220458984375},"rotation":{"x":0.5484904050827026,"y":-0.4490126371383667,"z":0.46349915862083437,"w":0.5318425297737122},"size":39.43246078491211,"orthographic":false}