{"cameraMode":{"drawMode":0,"name":"Shaded","section":"Shading Mode"},"sceneLighting":false,"audioPlay":false,"sceneViewState":{"m_AlwaysRefresh":false,"showFog":true,"showSkybox":false,"showFlares":true,"showImageEffects":true,"showParticleSystems":true,"showVisualEffectGraphs":true,"m_FxEnabled":true},"in2DMode":false,"pivot":{"x":1.2879999876022339,"y":0.20149999856948853,"z":0.9649999737739563},"rotation":{"x":0.0971364676952362,"y":-0.0984368622303009,"z":0.010446064174175263,"w":0.9907581806182861},"size":0.15461649000644685,"orthographic":true}