{"cameraMode":{"drawMode":0,"name":"Shaded","section":"Shading Mode"},"sceneLighting":false,"audioPlay":false,"sceneViewState":{"m_AlwaysRefresh":false,"showFog":true,"showSkybox":false,"showFlares":true,"showImageEffects":true,"showParticleSystems":true,"showVisualEffectGraphs":true,"m_FxEnabled":true},"in2DMode":false,"pivot":{"x":-0.606691300868988,"y":2.555187225341797,"z":0.13644057512283326},"rotation":{"x":0.7043631076812744,"y":0.00508593674749136,"z":-0.004730617627501488,"w":0.7098755240440369},"size":3.5925233364105226,"orthographic":false}