{"cameraMode":{"drawMode":0,"name":"Shaded","section":"Shading Mode"},"sceneLighting":false,"audioPlay":false,"sceneViewState":{"m_AlwaysRefresh":false,"showFog":true,"showSkybox":false,"showFlares":true,"showImageEffects":true,"showParticleSystems":true,"showVisualEffectGraphs":true,"m_FxEnabled":true},"in2DMode":false,"pivot":{"x":-0.9480624198913574,"y":1.2345731258392335,"z":0.006514310836791992},"rotation":{"x":-0.08086732029914856,"y":0.9184167981147766,"z":-0.3024453818798065,"w":-0.24330206215381623},"size":2.5910658836364748,"orthographic":true}