{"cameraMode":{"drawMode":0,"name":"Shaded","section":"Shading Mode"},"sceneLighting":false,"audioPlay":false,"sceneViewState":{"m_AlwaysRefresh":false,"showFog":true,"showSkybox":false,"showFlares":true,"showImageEffects":true,"showParticleSystems":true,"showVisualEffectGraphs":true,"m_FxEnabled":true},"in2DMode":false,"pivot":{"x":-0.8372107744216919,"y":1.6885957717895508,"z":-2.9519190788269045},"rotation":{"x":0.6442624926567078,"y":0.026074066758155824,"z":-0.02172166481614113,"w":0.7641095519065857},"size":5.280585289001465,"orthographic":false}