{"cameraMode":{"drawMode":0,"name":"Shaded","section":"Shading Mode"},"sceneLighting":false,"audioPlay":false,"sceneViewState":{"m_AlwaysRefresh":false,"showFog":true,"showSkybox":false,"showFlares":true,"showImageEffects":true,"showParticleSystems":true,"showVisualEffectGraphs":true,"m_FxEnabled":true},"in2DMode":false,"pivot":{"x":0.17794856429100038,"y":2.265435218811035,"z":-2.3942136764526369},"rotation":{"x":0.730431854724884,"y":0.01004276517778635,"z":-0.010376296006143093,"w":0.6829172968864441},"size":5.274059295654297,"orthographic":false}