{"cameraMode":{"drawMode":0,"name":"Shaded","section":"Shading Mode"},"sceneLighting":false,"audioPlay":false,"sceneViewState":{"m_AlwaysRefresh":false,"showFog":true,"showSkybox":false,"showFlares":true,"showImageEffects":true,"showParticleSystems":true,"showVisualEffectGraphs":true,"m_FxEnabled":true},"in2DMode":false,"pivot":{"x":1.5848653316497803,"y":2.1705379486083986,"z":2.2670836448669435},"rotation":{"x":0.6749725937843323,"y":0.011903674341738224,"z":-0.01060487236827612,"w":0.7377311587333679},"size":5.245649814605713,"orthographic":false}