{"cameraMode":{"drawMode":0,"name":"Shaded","section":"Shading Mode"},"sceneLighting":false,"audioPlay":false,"sceneViewState":{"m_AlwaysRefresh":false,"showFog":true,"showSkybox":false,"showFlares":true,"showImageEffects":true,"showParticleSystems":true,"showVisualEffectGraphs":true,"m_FxEnabled":true},"in2DMode":false,"pivot":{"x":0.014193594455718995,"y":0.7738771438598633,"z":3.385684013366699},"rotation":{"x":0.5835534334182739,"y":-0.08399263769388199,"z":0.061117373406887057,"w":0.8054625391960144},"size":2.093374490737915,"orthographic":false}