{"cameraMode":{"drawMode":0,"name":"Shaded","section":"Shading Mode"},"sceneLighting":false,"audioPlay":false,"sceneViewState":{"m_AlwaysRefresh":false,"showFog":true,"showSkybox":false,"showFlares":true,"showImageEffects":true,"showParticleSystems":true,"showVisualEffectGraphs":true,"m_FxEnabled":true},"in2DMode":false,"pivot":{"x":0.731287956237793,"y":1.7390635013580323,"z":-0.26427602767944338},"rotation":{"x":-0.15903961658477784,"y":0.12189814448356629,"z":-0.01902254857122898,"w":-0.9798922538757324},"size":1.7678014039993287,"orthographic":true}