{"cameraMode":{"drawMode":0,"name":"Shaded","section":"Shading Mode"},"sceneLighting":false,"audioPlay":false,"sceneViewState":{"m_AlwaysRefresh":false,"showFog":true,"showSkybox":false,"showFlares":true,"showImageEffects":true,"showParticleSystems":true,"showVisualEffectGraphs":true,"m_FxEnabled":true},"in2DMode":false,"pivot":{"x":0.6114819049835205,"y":1.4510459899902344,"z":-0.10835348069667816},"rotation":{"x":-0.10910037904977799,"y":-0.8835758566856384,"z":0.2595713138580322,"w":-0.37525057792663576},"size":2.4871134757995607,"orthographic":true}